Wall time,Step,Value
1660531762.5058918,0,55.380435943603516
1660531890.8273253,1,335.8666687011719
1660532021.195018,2,468.2727355957031
1660532151.636829,3,465.6363525390625
1660532283.3219986,4,494.6666564941406
1660532411.2166767,5,498.0952453613281
1660532532.8107874,6,500.0
1660532655.0957038,7,500.0
1660532776.448384,8,500.0
1660532903.0499666,9,493.76190185546875
