Wall time,Step,Value
1660535648.5863855,0,43.19827651977539
1660535779.6235905,1,444.8260803222656
1660535910.359137,2,406.9200134277344
1660536039.3312945,3,480.4761962890625
1660536173.8324249,4,498.6666564941406
1660536304.3536105,5,499.80950927734375
1660536428.6200757,6,456.3636474609375
1660536556.889883,7,450.7826232910156
1660536679.499301,8,500.0
1660536799.244988,9,500.0
