Wall time,Step,Value
1660533057.1028142,0,25.2979793548584
1660533184.74345,1,303.93939208984375
1660533318.6064472,2,349.0666809082031
1660533451.5440767,3,417.4800109863281
1660533583.0564454,4,428.2916564941406
1660533712.1183846,5,454.60870361328125
1660533840.042818,6,495.3809509277344
1660533963.3424952,7,500.0
1660534085.5069125,8,500.0
1660534208.8488524,9,485.047607421875
