Wall time,Step,Value
1656601490.2747989,10240,306.3999938964844
1656601655.8158238,20224,489.20001220703125
1656601817.7855744,30208,500.0
1656601987.3827486,40192,500.0
1656602154.8439474,50176,500.0
1656602319.3348596,60160,500.0
1656602479.181092,70144,500.0
1656602644.939986,80128,500.0
1656602810.6175792,90112,500.0
1656602970.1271923,100096,500.0
