Wall time,Step,Value
1656604829.3570805,10240,322.20001220703125
1656604992.1762524,20224,331.79998779296875
1656605151.6883862,30208,243.60000610351562
1656605311.6300554,40192,500.0
1656605463.5093372,50176,185.8000030517578
1656605629.720762,60160,433.79998779296875
1656605783.4192424,70144,500.0
1656605952.8435857,80128,500.0
1656606114.9479232,90112,500.0
1656606274.7768452,100096,500.0
