Wall time,Step,Value
1656606446.5353644,10240,500.0
1656606612.585155,20224,400.6000061035156
1656606774.1827636,30208,500.0
1656606937.7805042,40192,500.0
1656607096.6829557,50176,500.0
1656607260.5382302,60160,500.0
1656607425.7384028,70144,500.0
1656607579.4374144,80128,500.0
1656607751.7935357,90112,500.0
1656607910.7778318,100096,500.0
