Wall time,Step,Value
1656603112.870564,10240,500.0
1656603270.4301615,20224,486.20001220703125
1656603442.6719844,30208,388.20001220703125
1656603605.2965875,40192,483.20001220703125
1656603768.2284591,50176,500.0
1656603937.130023,60160,500.0
1656604099.9448621,70144,500.0
1656604261.863409,80128,500.0
1656604426.4141366,90112,500.0
1656604591.6571038,100096,500.0
