Wall time,Step,Value
1656604763.0664701,10240,217.1999969482422
1656604935.0057547,20224,500.0
1656605091.861598,30208,500.0
1656605259.667884,40192,500.0
1656605414.0679262,50176,500.0
1656605579.6118536,60160,500.0
1656605737.04892,70144,500.0
1656605906.691255,80128,187.60000610351562
1656606065.4592474,90112,330.6000061035156
1656606233.548078,100096,471.0
