Wall time,Step,Value
1656606393.8685656,10240,301.20001220703125
1656606558.2044463,20224,500.0
1656606719.2499788,30208,246.39999389648438
1656606880.1804218,40192,500.0
1656607031.3416443,50176,500.0
1656607198.4120858,60160,500.0
1656607356.5205503,70144,500.0
1656607511.7247381,80128,500.0
1656607670.7090824,90112,500.0
1656607831.5323017,100096,500.0
