Wall time,Step,Value
1660462148.4212682,12000,163.0
1660462154.7817152,20000,328.0
1660462164.8501182,32000,437.0
1660462170.0198262,40000,158.8000030517578
1660462176.5912585,52000,75.4000015258789
1660462182.392593,60000,244.60000610351562
1660462189.8722134,72000,173.8000030517578
1660462196.3338747,80000,355.20001220703125
1660462203.7866206,92000,169.8000030517578
1660462211.477895,100000,500.0
