Wall time,Step,Value
1660462228.9632926,12000,444.3999938964844
1660462235.0218492,20000,288.0
1660462242.9908962,32000,231.39999389648438
1660462250.8411124,40000,492.3999938964844
1660462260.9196544,52000,500.0
1660462268.784003,60000,500.0
1660462279.2851672,72000,500.0
1660462284.4816158,80000,149.0
1660462291.6727734,92000,126.4000015258789
1660462296.9094868,100000,65.0
