Wall time,Step,Value
1660462313.7126799,12000,430.79998779296875
1660462319.570722,20000,270.20001220703125
1660462328.337245,32000,365.0
1660462334.8482895,40000,367.6000061035156
1660462343.5214891,52000,369.3999938964844
1660462348.8260806,60000,155.60000610351562
1660462355.4205914,72000,71.80000305175781
1660462359.7227297,80000,63.599998474121094
1660462368.9544244,92000,500.0
1660462376.6977422,100000,500.0
