Wall time,Step,Value
1660462393.8408384,12000,498.79998779296875
1660462401.505656,20000,500.0
1660462409.7776005,32000,284.3999938964844
1660462416.4076893,40000,324.0
1660462424.1089742,52000,222.39999389648438
1660462430.973094,60000,403.0
1660462438.186108,72000,136.39999389648438
1660462443.7762914,80000,194.39999389648438
1660462451.340949,92000,188.0
1660462456.8070939,100000,179.0
