Wall time,Step,Value
1660461037.698239,10240,467.6000061035156
1660461246.639636,20224,497.79998779296875
1660461453.6091752,30208,500.0
1660461670.56388,40192,500.0
1660461884.4556901,50176,500.0
1660462094.4382308,60160,500.0
1660462302.2137816,70144,500.0
1660462502.0482116,80128,500.0
1660462683.3573418,90112,500.0
1660462866.0698473,100096,500.0
