Wall time,Step,Value
1660463059.2046185,10240,240.60000610351562
1660463246.2131617,20224,393.3999938964844
1660463428.5893154,30208,455.79998779296875
1660463606.8037093,40192,435.79998779296875
1660463788.1011362,50176,442.0
1660463991.243941,60160,449.0
1660464199.1874657,70144,435.3999938964844
1660464408.4992075,80128,493.20001220703125
1660464616.4772978,90112,494.20001220703125
1660464822.8425405,100096,478.0
