Wall time,Step,Value
1660465051.6510193,10240,398.20001220703125
1660465265.0045795,20224,418.3999938964844
1660465481.75622,30208,411.0
1660465694.1676283,40192,443.6000061035156
1660465906.7911127,50176,441.0
1660466119.1336925,60160,454.6000061035156
1660466332.9398112,70144,487.79998779296875
1660466546.299178,80128,452.20001220703125
1660466760.4771442,90112,473.3999938964844
1660466975.8326654,100096,433.20001220703125
