Wall time,Step,Value
1656601518.0320945,10240,497.6000061035156
1656601683.9662056,20224,500.0
1656601846.6505845,30208,500.0
1656602011.0203178,40192,500.0
1656602174.9972017,50176,500.0
1656602337.6071959,60160,500.0
1656602499.0064056,70144,500.0
1656602662.8203223,80128,500.0
1656602830.3081474,90112,500.0
1656602988.2143412,100096,500.0
