Wall time,Step,Value
1656604824.5609963,10240,380.20001220703125
1656604994.0972955,20224,500.0
1656605162.8063326,30208,500.0
1656605325.514224,40192,500.0
1656605484.8674347,50176,500.0
1656605658.4075906,60160,500.0
1656605824.0456247,70144,500.0
1656605992.2573488,80128,500.0
1656606166.744479,90112,500.0
1656606326.1986783,100096,500.0
