Wall time,Step,Value
1656606504.4414303,10240,500.0
1656606666.8446507,20224,409.6000061035156
1656606831.6207104,30208,500.0
1656606987.159934,40192,429.79998779296875
1656607153.1979666,50176,500.0
1656607311.399141,60160,500.0
1656607475.0105157,70144,500.0
1656607633.9741929,80128,500.0
1656607803.5260057,90112,500.0
1656607966.5027812,100096,500.0
